[{"version":0,"tags":[],"shapes":[{"type":"rectangle","occluded":false,"outside":false,"z_order":0,"rotation":0.0,"points":[718.796024758296,165.74172017711317,1249.0211902688861,1478.4172167363176],"frame":0,"group":0,"source":"manual","attributes":[],"elements":[],"label":"human"},{"type":"rectangle","occluded":false,"outside":false,"z_order":0,"rotation":0.0,"points":[1038.5601926042764,153.56019618499704,1563.6992633272384,1044.4211197328805],"frame":1,"group":0,"source":"manual","attributes":[],"elements":[],"label":"human"},{"type":"rectangle","occluded":false,"outside":false,"z_order":0,"rotation":0.0,"points":[322.31640932177106,27.393697315928875,815.9146009722681,799.1375604689383],"frame":2,"group":0,"source":"manual","attributes":[],"elements":[],"label":"human"},{"type":"rectangle","occluded":false,"outside":false,"z_order":0,"rotation":0.0,"points":[428.27734375,500.68359375,604.9000000000015,694.1000000000022],"frame":3,"group":0,"source":"manual","attributes":[],"elements":[],"label":"human"},{"type":"rectangle","occluded":false,"outside":false,"z_order":0,"rotation":0.0,"points":[801.7865668642007,479.4907887739864,926.2898674415155,675.5172620233789],"frame":3,"group":0,"source":"manual","attributes":[],"elements":[],"label":"human"},{"type":"rectangle","occluded":false,"outside":false,"z_order":0,"rotation":0.0,"points":[264.03826862600545,504.21484846309977,347.0404690108844,636.6651682262018],"frame":3,"group":0,"source":"manual","attributes":[],"elements":[],"label":"human"},{"type":"rectangle","occluded":false,"outside":false,"z_order":0,"rotation":0.0,"points":[200.46211513971866,249.91023451794172,308.18837521370733,493.61882288205015],"frame":3,"group":0,"source":"manual","attributes":[],"elements":[],"label":"human"},{"type":"rectangle","occluded":false,"outside":false,"z_order":0,"rotation":0.0,"points":[417.6806395512067,248.14423025443466,519.2258847029188,505.0978505948551],"frame":3,"group":0,"source":"manual","attributes":[],"elements":[],"label":"human"},{"type":"rectangle","occluded":false,"outside":false,"z_order":0,"rotation":0.0,"points":[569.5570062128972,253.44224304495947,690.5282982631979,520.9918889664259],"frame":3,"group":0,"source":"manual","attributes":[],"elements":[],"label":"human"},{"type":"rectangle","occluded":false,"outside":false,"z_order":0,"rotation":0.0,"points":[1051.6761701505893,201.34511727147037,1175.2964685961524,496.26782927731256],"frame":3,"group":0,"source":"manual","attributes":[],"elements":[],"label":"human"},{"type":"rectangle","occluded":false,"outside":false,"z_order":0,"rotation":0.0,"points":[984.5680081372848,490.08681435503604,1105.5393001875855,717.9013643475737],"frame":3,"group":0,"source":"manual","attributes":[],"elements":[],"label":"human"},{"type":"rectangle","occluded":false,"outside":false,"z_order":0,"rotation":0.0,"points":[847.7026777154097,499.7998378043303,1025.1861061979653,718.7843664793254],"frame":3,"group":0,"source":"manual","attributes":[],"elements":[],"label":"human"},{"type":"rectangle","occluded":false,"outside":false,"z_order":0,"rotation":0.0,"points":[683.4642812091624,492.7358207502948,814.1485967087574,694.9433089219638],"frame":3,"group":0,"source":"manual","attributes":[],"elements":[],"label":"human"},{"type":"rectangle","occluded":false,"outside":false,"z_order":0,"rotation":0.0,"points":[99.79987211975822,508.62985912186923,279.0493048658245,722.3163750063395],"frame":3,"group":0,"source":"manual","attributes":[],"elements":[],"label":"human"},{"type":"rectangle","occluded":false,"outside":false,"z_order":0,"rotation":0.0,"points":[286.99632405161174,514.8108740441457,513.0448697806387,733.7954027191408],"frame":3,"group":0,"source":"manual","attributes":[],"elements":[],"label":"human"},{"type":"rectangle","occluded":false,"outside":false,"z_order":0,"rotation":0.0,"points":[1114.7951694910444,1026.8905314393342,2278.4508289460937,3253.327675535995],"frame":4,"group":0,"source":"manual","attributes":[],"elements":[],"label":"human"},{"type":"rectangle","occluded":false,"outside":false,"z_order":0,"rotation":0.0,"points":[118.56398665682718,485.30304689194963,241.4547109073028,798.7434334633872],"frame":5,"group":0,"source":"manual","attributes":[],"elements":[],"label":"human"},{"type":"rectangle","occluded":false,"outside":false,"z_order":0,"rotation":0.0,"points":[217.98120178080353,490.82622550995075,368.4878191212738,884.3527020423717],"frame":5,"group":0,"source":"manual","attributes":[],"elements":[],"label":"human"},{"type":"rectangle","occluded":false,"outside":false,"z_order":0,"rotation":0.0,"points":[397.5,453.544921875,536.9450988769531,895.3992113149106],"frame":5,"group":0,"source":"manual","attributes":[],"elements":[],"label":"human"},{"type":"rectangle","occluded":false,"outside":false,"z_order":0,"rotation":0.0,"points":[472.0474182087528,403.8361622764678,641.8851607122197,985.1507118208501],"frame":5,"group":0,"source":"manual","attributes":[],"elements":[],"label":"human"},{"type":"rectangle","occluded":false,"outside":false,"z_order":0,"rotation":0.0,"points":[781.3454208166913,412.12093020346583,1016.080512081644,1138.418918470321],"frame":5,"group":0,"source":"manual","attributes":[],"elements":[],"label":"human"},{"type":"rectangle","occluded":false,"outside":false,"z_order":0,"rotation":0.0,"points":[1234.2460674926006,402.45536762196934,1442.746060322057,1171.557990178313],"frame":5,"group":0,"source":"manual","attributes":[],"elements":[],"label":"human"},{"type":"rectangle","occluded":false,"outside":false,"z_order":0,"rotation":0.0,"points":[563.1798654057347,409.3593408944653,833.8156176876801,1192.2699099958081],"frame":5,"group":0,"source":"manual","attributes":[],"elements":[],"label":"human"},{"type":"rectangle","occluded":false,"outside":false,"z_order":0,"rotation":0.0,"points":[516.5768783076564,94.50185932923341,762.0514709352719,696.7093131854708],"frame":6,"group":0,"source":"manual","attributes":[],"elements":[],"label":"human"},{"type":"rectangle","occluded":false,"outside":false,"z_order":0,"rotation":0.0,"points":[704.6563323712617,256.09124944021823,861.830711823477,738.2104133779103],"frame":6,"group":0,"source":"manual","attributes":[],"elements":[],"label":"human"},{"type":"rectangle","occluded":false,"outside":false,"z_order":0,"rotation":0.0,"points":[249.91023451794172,294.0603411056436,440.63869497680935,728.4973899286197],"frame":6,"group":0,"source":"manual","attributes":[],"elements":[],"label":"human"},{"type":"rectangle","occluded":false,"outside":false,"z_order":0,"rotation":0.0,"points":[387.65856707156854,155.42900642026143,568.6740040811419,709.9543451617828],"frame":6,"group":0,"source":"manual","attributes":[],"elements":[],"label":"human"},{"type":"rectangle","occluded":false,"outside":false,"z_order":0,"rotation":0.0,"points":[810.357727305669,171.65573651683735,1109.5630272086128,854.7020984466653],"frame":7,"group":0,"source":"manual","attributes":[],"elements":[],"label":"human"},{"type":"rectangle","occluded":false,"outside":false,"z_order":0,"rotation":0.0,"points":[472.4270562963684,631.367442626215,1070.6610103989842,1573.9722337768326],"frame":8,"group":0,"source":"manual","attributes":[],"elements":[],"label":"human"},{"type":"rectangle","occluded":false,"outside":false,"z_order":0,"rotation":0.0,"points":[78.48414375217908,54.241207873907115,848.3748689240747,884.992859936865],"frame":9,"group":0,"source":"manual","attributes":[],"elements":[],"label":"human"},{"type":"rectangle","occluded":false,"outside":false,"z_order":0,"rotation":0.0,"points":[75.3359375,128.84375,527.7000000000007,809.7000000000007],"frame":10,"group":0,"source":"manual","attributes":[],"elements":[],"label":"human"},{"type":"rectangle","occluded":false,"outside":false,"z_order":0,"rotation":0.0,"points":[560.58203125,94.990234375,1162.4000000000015,793.7000000000007],"frame":10,"group":0,"source":"manual","attributes":[],"elements":[],"label":"human"},{"type":"rectangle","occluded":false,"outside":false,"z_order":0,"rotation":0.0,"points":[993.9285343026422,31.102971832187905,1396.5775222763477,1203.7298490889407],"frame":11,"group":0,"source":"manual","attributes":[],"elements":[],"label":"human"},{"type":"rectangle","occluded":false,"outside":false,"z_order":0,"rotation":0.0,"points":[278.609375,4.900000000001455,945.8279403672204,1500.0],"frame":12,"group":0,"source":"manual","attributes":[],"elements":[],"label":"human"},{"type":"rectangle","occluded":false,"outside":false,"z_order":0,"rotation":0.0,"points":[786.060546875,0.0,1130.4314193225982,983.4108276367188],"frame":12,"group":0,"source":"manual","attributes":[],"elements":[],"label":"human"},{"type":"rectangle","occluded":false,"outside":false,"z_order":0,"rotation":0.0,"points":[23.642578125,0.0,341.5233834612445,1097.6495361328125],"frame":12,"group":0,"source":"manual","attributes":[],"elements":[],"label":"human"},{"type":"rectangle","occluded":false,"outside":false,"z_order":0,"rotation":0.0,"points":[485.6000000000022,148.28515625,1510.7271728515625,1489.4750276216619],"frame":13,"group":0,"source":"manual","attributes":[],"elements":[],"label":"human"},{"type":"rectangle","occluded":false,"outside":false,"z_order":0,"rotation":0.0,"points":[1131.0,358.7999999999993,1684.1326904296875,961.9872436523438],"frame":14,"group":0,"source":"manual","attributes":[],"elements":[],"label":"human"},{"type":"rectangle","occluded":false,"outside":false,"z_order":0,"rotation":0.0,"points":[717.7156023642856,153.97386860476763,967.0533559742216,714.2387810988075],"frame":15,"group":0,"source":"manual","attributes":[],"elements":[],"label":"human"},{"type":"rectangle","occluded":false,"outside":false,"z_order":0,"rotation":0.0,"points":[2232.1584141555613,296.1717126347248,2903.7643558796917,1954.2676933503644],"frame":16,"group":0,"source":"manual","attributes":[],"elements":[],"label":"human"},{"type":"rectangle","occluded":false,"outside":false,"z_order":0,"rotation":0.0,"points":[331.8438970804018,122.2147637947055,1034.2776525230147,1749.482930791859],"frame":16,"group":0,"source":"manual","attributes":[],"elements":[],"label":"human"},{"type":"rectangle","occluded":false,"outside":false,"z_order":0,"rotation":0.0,"points":[1897.8512292354644,97.049589137765,3602.297026180455,3643.592387531615],"frame":17,"group":0,"source":"manual","attributes":[],"elements":[],"label":"human"},{"type":"rectangle","occluded":false,"outside":false,"z_order":0,"rotation":0.0,"points":[1398.7705398835897,301.6933496545171,2737.896279246299,2819.62695817454],"frame":18,"group":0,"source":"manual","attributes":[],"elements":[],"label":"human"},{"type":"rectangle","occluded":false,"outside":false,"z_order":0,"rotation":0.0,"points":[1368.9296875,193.193359375,2733.9000000000015,3490.888640304078],"frame":19,"group":0,"source":"manual","attributes":[],"elements":[],"label":"human"},{"type":"rectangle","occluded":false,"outside":false,"z_order":0,"rotation":0.0,"points":[2935.2339377590506,543.4988988434525,3732.478950730914,3277.4855847419203],"frame":19,"group":0,"source":"manual","attributes":[],"elements":[],"label":"human"},{"type":"rectangle","occluded":false,"outside":false,"z_order":0,"rotation":0.0,"points":[367.6000000000022,341.08203125,793.619873046875,980.1548346179261],"frame":20,"group":0,"source":"manual","attributes":[],"elements":[],"label":"human"},{"type":"rectangle","occluded":false,"outside":false,"z_order":0,"rotation":0.0,"points":[364.25929337744674,44.17101535205802,725.1864206681421,772.647786030524],"frame":20,"group":0,"source":"manual","attributes":[],"elements":[],"label":"human"},{"type":"rectangle","occluded":false,"outside":false,"z_order":0,"rotation":0.0,"points":[690.9700874999071,85.0098646173683,981.257043088448,791.4115816389094],"frame":20,"group":0,"source":"manual","attributes":[],"elements":[],"label":"human"},{"type":"rectangle","occluded":false,"outside":false,"z_order":0,"rotation":0.0,"points":[930.484419677523,87.21736998306005,1218.5638699003684,837.7691943184473],"frame":20,"group":0,"source":"manual","attributes":[],"elements":[],"label":"human"},{"type":"rectangle","occluded":false,"outside":false,"z_order":0,"rotation":0.0,"points":[585.8054628121536,367.7701461879951,736.8540255337066,725.2204716346532],"frame":21,"group":0,"source":"manual","attributes":[],"elements":[],"label":"human"},{"type":"rectangle","occluded":false,"outside":false,"z_order":0,"rotation":0.0,"points":[66.34997930745521,7.549649405977107,680.4691718181857,684.1887081645764],"frame":22,"group":0,"source":"manual","attributes":[],"elements":[],"label":"human"},{"type":"rectangle","occluded":false,"outside":false,"z_order":0,"rotation":0.0,"points":[413.7734375,18.54296875,641.6000000000022,559.6025427800996],"frame":23,"group":0,"source":"manual","attributes":[],"elements":[],"label":"human"},{"type":"rectangle","occluded":false,"outside":false,"z_order":0,"rotation":0.0,"points":[2081.701411011607,495.7246381026562,2521.774245296252,1873.0954570974573],"frame":24,"group":0,"source":"manual","attributes":[],"elements":[],"label":"human"},{"type":"rectangle","occluded":false,"outside":false,"z_order":0,"rotation":0.0,"points":[2796.105362772396,632.8901968407263,2973.2775428090717,1010.0954833704236],"frame":24,"group":0,"source":"manual","attributes":[],"elements":[],"label":"human"},{"type":"rectangle","occluded":false,"outside":false,"z_order":0,"rotation":0.0,"points":[1014.0,346.599609375,1368.4000000000015,921.6547571378469],"frame":25,"group":0,"source":"manual","attributes":[],"elements":[],"label":"human"},{"type":"rectangle","occluded":false,"outside":false,"z_order":0,"rotation":0.0,"points":[922.4000000000015,202.0078125,1190.6403350830078,710.8377992920796],"frame":25,"group":0,"source":"manual","attributes":[],"elements":[],"label":"human"},{"type":"rectangle","occluded":false,"outside":false,"z_order":0,"rotation":0.0,"points":[757.966796875,178.830078125,934.5672261303844,708.6313658911567],"frame":25,"group":0,"source":"manual","attributes":[],"elements":[],"label":"human"},{"type":"rectangle","occluded":false,"outside":false,"z_order":0,"rotation":0.0,"points":[573.6411773133623,380.81558362013675,1030.5947880116728,926.0694089461394],"frame":25,"group":0,"source":"manual","attributes":[],"elements":[],"label":"human"},{"type":"rectangle","occluded":false,"outside":false,"z_order":0,"rotation":0.0,"points":[555.9811343878246,131.36747729690615,731.4778109603649,696.4888509141383],"frame":25,"group":0,"source":"manual","attributes":[],"elements":[],"label":"human"},{"type":"rectangle","occluded":false,"outside":false,"z_order":0,"rotation":0.0,"points":[370.5506836696695,232.91272411875252,594.6124782874394,767.1290226162928],"frame":25,"group":0,"source":"manual","attributes":[],"elements":[],"label":"human"},{"type":"rectangle","occluded":false,"outside":false,"z_order":0,"rotation":0.0,"points":[37.21737345013025,112.60368168852074,271.2129422135149,884.1268069979851],"frame":25,"group":0,"source":"manual","attributes":[],"elements":[],"label":"human"},{"type":"rectangle","occluded":false,"outside":false,"z_order":0,"rotation":0.0,"points":[174.08270612305205,230.70521875306076,613.3762738958212,939.3144411402936],"frame":25,"group":0,"source":"manual","attributes":[],"elements":[],"label":"human"},{"type":"rectangle","occluded":false,"outside":false,"z_order":0,"rotation":0.0,"points":[1188.4314216586718,134.6787353454456,1451.1245601760565,698.6963562798337],"frame":25,"group":0,"source":"manual","attributes":[],"elements":[],"label":"human"},{"type":"rectangle","occluded":false,"outside":false,"z_order":0,"rotation":0.0,"points":[2873.5435636906514,1189.543557209534,3631.9011825033413,3330.7885985630055],"frame":26,"group":0,"source":"manual","attributes":[],"elements":[],"label":"human"},{"type":"rectangle","occluded":false,"outside":false,"z_order":0,"rotation":0.0,"points":[453.87565260291376,143.69950869161767,666.0147151717283,839.8451703251994],"frame":27,"group":0,"source":"manual","attributes":[],"elements":[],"label":"human"},{"type":"rectangle","occluded":false,"outside":false,"z_order":0,"rotation":0.0,"points":[996.5809243202202,550.471012160946,1121.1868785475344,828.5173563045355],"frame":27,"group":0,"source":"manual","attributes":[],"elements":[],"label":"human"},{"type":"rectangle","occluded":false,"outside":false,"z_order":0,"rotation":0.0,"points":[638.0266003894612,6.000106331532152,935.2451453129688,718.8477929528854],"frame":28,"group":0,"source":"manual","attributes":[],"elements":[],"label":"human"},{"type":"rectangle","occluded":false,"outside":false,"z_order":0,"rotation":0.0,"points":[267.2721598751232,213.04699789388542,869.2500450581247,1198.5303765093995],"frame":29,"group":0,"source":"manual","attributes":[],"elements":[],"label":"human"},{"type":"rectangle","occluded":false,"outside":false,"z_order":0,"rotation":0.0,"points":[441.73520842126163,21.099444175237295,1018.6888544492467,594.0001100451773],"frame":30,"group":0,"source":"manual","attributes":[],"elements":[],"label":"human"},{"type":"rectangle","occluded":false,"outside":false,"z_order":0,"rotation":0.0,"points":[397.40000000000146,99.357421875,593.398193359375,325.40596760402696],"frame":31,"group":0,"source":"manual","attributes":[],"elements":[],"label":"human"},{"type":"rectangle","occluded":false,"outside":false,"z_order":0,"rotation":0.0,"points":[106.86388917379008,340.4179530227302,333.7954370345724,554.9874710389558],"frame":31,"group":0,"source":"manual","attributes":[],"elements":[],"label":"human"},{"type":"rectangle","occluded":false,"outside":false,"z_order":0,"rotation":0.0,"points":[486.4665056148442,420.68284679916906,717.0183622158183,689.2037950655649],"frame":31,"group":0,"source":"manual","attributes":[],"elements":[],"label":"human"},{"type":"rectangle","occluded":false,"outside":false,"z_order":0,"rotation":0.0,"points":[297.50404941948364,456.002932069332,517.4598804394082,719.2258675452031],"frame":31,"group":0,"source":"manual","attributes":[],"elements":[],"label":"human"},{"type":"rectangle","occluded":false,"outside":false,"z_order":0,"rotation":0.0,"points":[199.57911300796331,134.6784563240435,438.8726907133023,373.9720340293825],"frame":31,"group":0,"source":"manual","attributes":[],"elements":[],"label":"human"},{"type":"rectangle","occluded":false,"outside":false,"z_order":0,"rotation":0.0,"points":[576.6210232669291,123.19942861124218,801.7865668642044,387.2170660056945],"frame":31,"group":0,"source":"manual","attributes":[],"elements":[],"label":"human"},{"type":"rectangle","occluded":false,"outside":false,"z_order":0,"rotation":0.0,"points":[666.6872407058363,273.30979100942204,941.3009036813346,530.2634113498425],"frame":31,"group":0,"source":"manual","attributes":[],"elements":[],"label":"human"},{"type":"rectangle","occluded":false,"outside":false,"z_order":0,"rotation":0.0,"points":[301.552734375,136.5078125,681.9000000000015,853.0],"frame":32,"group":0,"source":"manual","attributes":[],"elements":[],"label":"human"},{"type":"rectangle","occluded":false,"outside":false,"z_order":0,"rotation":0.0,"points":[242.10000000000218,53.49609375,1246.6075439453125,808.9927276193775],"frame":33,"group":0,"source":"manual","attributes":[],"elements":[],"label":"human"},{"type":"rectangle","occluded":false,"outside":false,"z_order":0,"rotation":0.0,"points":[513.0448697806387,166.46653306718872,682.5812790774107,564.7004944882501],"frame":34,"group":0,"source":"manual","attributes":[],"elements":[],"label":"human"},{"type":"rectangle","occluded":false,"outside":false,"z_order":0,"rotation":0.0,"points":[686.0111492405995,960.53255341576,1122.0806719585162,1589.7974342998423],"frame":35,"group":0,"source":"manual","attributes":[],"elements":[],"label":"human"},{"type":"rectangle","occluded":false,"outside":false,"z_order":0,"rotation":0.0,"points":[1326.315764877032,397.5060810457908,1778.944889723476,1540.1186279142566],"frame":35,"group":0,"source":"manual","attributes":[],"elements":[],"label":"human"},{"type":"rectangle","occluded":false,"outside":false,"z_order":0,"rotation":0.0,"points":[466.688850962968,16.09282162706222,898.2120324962962,1072.251768694823],"frame":36,"group":0,"source":"manual","attributes":[],"elements":[],"label":"human"},{"type":"rectangle","occluded":false,"outside":false,"z_order":0,"rotation":0.0,"points":[355.9929496954319,10.73676618711761,693.0315834755384,832.4917390078699],"frame":37,"group":0,"source":"manual","attributes":[],"elements":[],"label":"human"},{"type":"rectangle","occluded":false,"outside":false,"z_order":0,"rotation":0.0,"points":[65.467059093844,581.7766534972689,535.4747778570272,1534.0227751550228],"frame":38,"group":0,"source":"manual","attributes":[],"elements":[],"label":"human"},{"type":"rectangle","occluded":false,"outside":false,"z_order":0,"rotation":0.0,"points":[1122.703125,408.81640625,1682.2826011487487,1707.0],"frame":39,"group":0,"source":"manual","attributes":[],"elements":[],"label":"human"},{"type":"rectangle","occluded":false,"outside":false,"z_order":0,"rotation":0.0,"points":[446.30859375,220.40625,1262.1264832193847,1707.0],"frame":39,"group":0,"source":"manual","attributes":[],"elements":[],"label":"human"},{"type":"rectangle","occluded":false,"outside":false,"z_order":0,"rotation":0.0,"points":[1629.5283419776242,273.1604467605066,2117.511790875018,1595.8028449302728],"frame":39,"group":0,"source":"manual","attributes":[],"elements":[],"label":"human"},{"type":"rectangle","occluded":false,"outside":false,"z_order":0,"rotation":0.0,"points":[1942.291015625,420.12109375,2537.7000000000007,1707.0],"frame":39,"group":0,"source":"manual","attributes":[],"elements":[],"label":"human"},{"type":"rectangle","occluded":false,"outside":false,"z_order":0,"rotation":0.0,"points":[124.79999999999927,43.79999999999927,346.6999969482422,394.4263000488281],"frame":40,"group":0,"source":"manual","attributes":[],"elements":[],"label":"human"},{"type":"rectangle","occluded":false,"outside":false,"z_order":0,"rotation":0.0,"points":[869.1000000000022,149.87109375,998.0207748413086,518.59955094631],"frame":41,"group":0,"source":"manual","attributes":[],"elements":[],"label":"human"},{"type":"rectangle","occluded":false,"outside":false,"z_order":0,"rotation":0.0,"points":[0.0,124.3892742347416,182.62139034074426,523.0956547803435],"frame":41,"group":0,"source":"manual","attributes":[],"elements":[],"label":"human"},{"type":"rectangle","occluded":false,"outside":false,"z_order":0,"rotation":0.0,"points":[140.65234375,20.200000000000728,361.7000000000007,449.650146484375],"frame":41,"group":0,"source":"manual","attributes":[],"elements":[],"label":"human"},{"type":"rectangle","occluded":false,"outside":false,"z_order":0,"rotation":0.0,"points":[296.5,33.69921875,456.90000000000146,478.1282775878899],"frame":41,"group":0,"source":"manual","attributes":[],"elements":[],"label":"human"},{"type":"rectangle","occluded":false,"outside":false,"z_order":0,"rotation":0.0,"points":[417.90000000000146,149.10000000000218,567.0885925292969,439.15655517578125],"frame":41,"group":0,"source":"manual","attributes":[],"elements":[],"label":"human"},{"type":"rectangle","occluded":false,"outside":false,"z_order":0,"rotation":0.0,"points":[546.900390625,246.60000000000218,681.0043121337876,516.351318359375],"frame":41,"group":0,"source":"manual","attributes":[],"elements":[],"label":"human"},{"type":"rectangle","occluded":false,"outside":false,"z_order":0,"rotation":0.0,"points":[688.498046875,148.40000000000146,794.9196747649912,505.85845947265625],"frame":41,"group":0,"source":"manual","attributes":[],"elements":[],"label":"human"},{"type":"rectangle","occluded":false,"outside":false,"z_order":0,"rotation":0.0,"points":[788.92578125,132.60000000000218,877.3606551304147,520.0973815917969],"frame":41,"group":0,"source":"manual","attributes":[],"elements":[],"label":"human"},{"type":"rectangle","occluded":false,"outside":false,"z_order":0,"rotation":0.0,"points":[496.029296875,122.328125,821.5392327056652,960.0],"frame":42,"group":0,"source":"manual","attributes":[],"elements":[],"label":"human"},{"type":"rectangle","occluded":false,"outside":false,"z_order":0,"rotation":0.0,"points":[574.998046875,26.544921875,936.90533907176,828.0],"frame":43,"group":0,"source":"manual","attributes":[],"elements":[],"label":"human"},{"type":"rectangle","occluded":false,"outside":false,"z_order":0,"rotation":0.0,"points":[907.294921875,16.67578125,1236.3015511447811,828.0],"frame":43,"group":0,"source":"manual","attributes":[],"elements":[],"label":"human"},{"type":"rectangle","occluded":false,"outside":false,"z_order":0,"rotation":0.0,"points":[319.470703125,1.322265625,594.7395829473826,828.0],"frame":43,"group":0,"source":"manual","attributes":[],"elements":[],"label":"human"},{"type":"rectangle","occluded":false,"outside":false,"z_order":0,"rotation":0.0,"points":[4.700000000000728,5.70703125,351.2752990722656,828.0],"frame":43,"group":0,"source":"manual","attributes":[],"elements":[],"label":"human"},{"type":"rectangle","occluded":false,"outside":false,"z_order":0,"rotation":0.0,"points":[231.35797619924415,109.47055640666076,478.70897480033454,740.2652717146666],"frame":44,"group":0,"source":"manual","attributes":[],"elements":[],"label":"human"},{"type":"rectangle","occluded":false,"outside":false,"z_order":0,"rotation":0.0,"points":[3059.4772804056556,353.12864469409396,4116.828284113071,3426.495562136988],"frame":45,"group":0,"source":"manual","attributes":[],"elements":[],"label":"human"},{"type":"rectangle","occluded":false,"outside":false,"z_order":0,"rotation":0.0,"points":[1303.3486342628385,128.5698075350083,1844.1062588017958,1292.0],"frame":46,"group":0,"source":"manual","attributes":[],"elements":[],"label":"human"},{"type":"rectangle","occluded":false,"outside":false,"z_order":0,"rotation":0.0,"points":[783.1261093899157,195.30888144962591,1173.2930030446078,1235.7539311954679],"frame":46,"group":0,"source":"manual","attributes":[],"elements":[],"label":"human"},{"type":"rectangle","occluded":false,"outside":false,"z_order":0,"rotation":0.0,"points":[492.470703125,64.494140625,736.4000000000015,966.0570677886826],"frame":47,"group":0,"source":"manual","attributes":[],"elements":[],"label":"human"},{"type":"rectangle","occluded":false,"outside":false,"z_order":0,"rotation":0.0,"points":[232.10114712053837,57.536920010563335,458.4004702191305,497.45212332021765],"frame":48,"group":0,"source":"manual","attributes":[],"elements":[],"label":"human"},{"type":"rectangle","occluded":false,"outside":false,"z_order":0,"rotation":0.0,"points":[1489.15625,34.228515625,2548.7000000000007,1702.0],"frame":49,"group":0,"source":"manual","attributes":[],"elements":[],"label":"human"},{"type":"rectangle","occluded":false,"outside":false,"z_order":0,"rotation":0.0,"points":[625.76171875,171.70000000000073,1453.0617065429688,1702.0],"frame":49,"group":0,"source":"manual","attributes":[],"elements":[],"label":"human"},{"type":"rectangle","occluded":false,"outside":false,"z_order":0,"rotation":0.0,"points":[939.3911075897995,188.7263569343595,1232.0851404793939,1095.44156751626],"frame":50,"group":0,"source":"manual","attributes":[],"elements":[],"label":"human"},{"type":"rectangle","occluded":false,"outside":false,"z_order":0,"rotation":0.0,"points":[481.1000000000022,352.0,1473.6541748046875,1344.5667114257812],"frame":51,"group":0,"source":"manual","attributes":[],"elements":[],"label":"human"},{"type":"rectangle","occluded":false,"outside":false,"z_order":0,"rotation":0.0,"points":[1690.2999999999993,625.89453125,2792.250732421875,3953.0466731437846],"frame":52,"group":0,"source":"manual","attributes":[],"elements":[],"label":"human"},{"type":"rectangle","occluded":false,"outside":false,"z_order":0,"rotation":0.0,"points":[2813.4000000000015,583.509765625,4122.05126953125,3947.747998272378],"frame":52,"group":0,"source":"manual","attributes":[],"elements":[],"label":"human"},{"type":"rectangle","occluded":false,"outside":false,"z_order":0,"rotation":0.0,"points":[196.90000000000146,505.28125,2891.392822265625,3549.7049642015845],"frame":53,"group":0,"source":"manual","attributes":[],"elements":[],"label":"human"},{"type":"rectangle","occluded":false,"outside":false,"z_order":0,"rotation":0.0,"points":[2130.9140625,332.50390625,3284.7000000000007,3395.550139632447],"frame":54,"group":0,"source":"manual","attributes":[],"elements":[],"label":"human"},{"type":"rectangle","occluded":false,"outside":false,"z_order":0,"rotation":0.0,"points":[1092.099609375,221.60000000000218,2307.4682373046853,3436.6083984375],"frame":54,"group":0,"source":"manual","attributes":[],"elements":[],"label":"human"},{"type":"rectangle","occluded":false,"outside":false,"z_order":0,"rotation":0.0,"points":[2446.685546875,852.27734375,3590.7251738326668,3455.0],"frame":55,"group":0,"source":"manual","attributes":[],"elements":[],"label":"human"},{"type":"rectangle","occluded":false,"outside":false,"z_order":0,"rotation":0.0,"points":[3422.93359375,653.9765625,4536.4654973221295,3455.0],"frame":55,"group":0,"source":"manual","attributes":[],"elements":[],"label":"human"},{"type":"rectangle","occluded":false,"outside":false,"z_order":0,"rotation":0.0,"points":[4094.103515625,489.99609375,5055.09680226944,3455.0],"frame":55,"group":0,"source":"manual","attributes":[],"elements":[],"label":"human"},{"type":"rectangle","occluded":false,"outside":false,"z_order":0,"rotation":0.0,"points":[3094.974609375,585.333984375,3922.4966062077146,3455.0],"frame":55,"group":0,"source":"manual","attributes":[],"elements":[],"label":"human"},{"type":"rectangle","occluded":false,"outside":false,"z_order":0,"rotation":0.0,"points":[135.72632123989388,753.1263732547159,784.0154431825722,3430.1791003356593],"frame":55,"group":0,"source":"manual","attributes":[],"elements":[],"label":"human"},{"type":"rectangle","occluded":false,"outside":false,"z_order":0,"rotation":0.0,"points":[322.599609375,817.955078125,1234.0,3455.0],"frame":55,"group":0,"source":"manual","attributes":[],"elements":[],"label":"human"},{"type":"rectangle","occluded":false,"outside":false,"z_order":0,"rotation":0.0,"points":[1031.890625,551.01171875,1908.9876723342131,3455.0],"frame":55,"group":0,"source":"manual","attributes":[],"elements":[],"label":"human"},{"type":"rectangle","occluded":false,"outside":false,"z_order":0,"rotation":0.0,"points":[1497.099609375,772.2000000000007,2442.9000000000015,3455.0],"frame":55,"group":0,"source":"manual","attributes":[],"elements":[],"label":"human"},{"type":"rectangle","occluded":false,"outside":false,"z_order":0,"rotation":0.0,"points":[2084.408203125,600.6000000000022,2896.676338264944,3455.0],"frame":55,"group":0,"source":"manual","attributes":[],"elements":[],"label":"human"},{"type":"rectangle","occluded":false,"outside":false,"z_order":0,"rotation":0.0,"points":[258.6000000000022,140.6875,1919.813720703125,2251.813338804117],"frame":56,"group":0,"source":"manual","attributes":[],"elements":[],"label":"human"},{"type":"rectangle","occluded":false,"outside":false,"z_order":0,"rotation":0.0,"points":[3444.0387044019153,990.4405951430563,4808.0562951017455,3481.6104464211894],"frame":57,"group":0,"source":"manual","attributes":[],"elements":[],"label":"human"},{"type":"rectangle","occluded":false,"outside":false,"z_order":0,"rotation":0.0,"points":[290.34375,12.357421875,882.4000000000015,720.0],"frame":58,"group":0,"source":"manual","attributes":[],"elements":[],"label":"human"},{"type":"rectangle","occluded":false,"outside":false,"z_order":0,"rotation":0.0,"points":[494.10178601096777,446.7327775400772,508.881792506123,476.6577289623674],"frame":59,"group":0,"source":"manual","attributes":[],"elements":[],"label":"human"},{"type":"rectangle","occluded":false,"outside":false,"z_order":0,"rotation":0.0,"points":[341.92245987567003,440.1638857644539,362.90641971446894,500.74366547298996],"frame":59,"group":0,"source":"manual","attributes":[],"elements":[],"label":"human"},{"type":"rectangle","occluded":false,"outside":false,"z_order":0,"rotation":0.0,"points":[321.8508461168167,441.07623184439944,341.0101137957208,496.91181193720695],"frame":59,"group":0,"source":"manual","attributes":[],"elements":[],"label":"human"},{"type":"rectangle","occluded":false,"outside":false,"z_order":0,"rotation":0.0,"points":[403.23211644816547,443.2658624362739,419.28940745524596,484.6863744659058],"frame":59,"group":0,"source":"manual","attributes":[],"elements":[],"label":"human"},{"type":"rectangle","occluded":false,"outside":false,"z_order":0,"rotation":0.0,"points":[420.5666919671712,451.4769771558058,432.97459865446217,485.59872054585503],"frame":59,"group":0,"source":"manual","attributes":[],"elements":[],"label":"human"},{"type":"rectangle","occluded":false,"outside":false,"z_order":0,"rotation":0.0,"points":[473.11782617216886,448.1925312679923,487.53289423534443,480.4895824981468],"frame":59,"group":0,"source":"manual","attributes":[],"elements":[],"label":"human"},{"type":"rectangle","occluded":false,"outside":false,"z_order":0,"rotation":0.0,"points":[486.80301737138507,456.58611520351405,496.83882425081174,476.1103213143979],"frame":59,"group":0,"source":"manual","attributes":[],"elements":[],"label":"human"},{"type":"rectangle","occluded":false,"outside":false,"z_order":0,"rotation":0.0,"points":[570.9400000000023,445.9800000000032,576.5400000000009,463.18000000000393],"frame":59,"group":0,"source":"manual","attributes":[],"elements":[],"label":"human"},{"type":"rectangle","occluded":false,"outside":false,"z_order":0,"rotation":0.0,"points":[564.9400000000023,445.58000000000175,570.7400000000016,462.7900000000009],"frame":59,"group":0,"source":"manual","attributes":[],"elements":[],"label":"human"},{"type":"rectangle","occluded":false,"outside":false,"z_order":0,"rotation":0.0,"points":[555.0400000000045,443.88000000000466,562.5400000000045,459.18000000000393],"frame":59,"group":0,"source":"manual","attributes":[],"elements":[],"label":"human"},{"type":"rectangle","occluded":false,"outside":false,"z_order":0,"rotation":0.0,"points":[2216.568359375,538.158203125,3547.4291898657975,3840.0],"frame":60,"group":0,"source":"manual","attributes":[],"elements":[],"label":"human"},{"type":"rectangle","occluded":false,"outside":false,"z_order":0,"rotation":0.0,"points":[241.43382160496913,3.821232027392398,486.64133413707896,597.310211474578],"frame":61,"group":0,"source":"manual","attributes":[],"elements":[],"label":"human"},{"type":"rectangle","occluded":false,"outside":false,"z_order":0,"rotation":0.0,"points":[705.8091108250701,140.52984520901373,894.5971956949252,672.1744520264183],"frame":61,"group":0,"source":"manual","attributes":[],"elements":[],"label":"human"},{"type":"rectangle","occluded":false,"outside":false,"z_order":0,"rotation":0.0,"points":[578.865398584996,381.39740176710256,809.9680542015412,732.933835662694],"frame":61,"group":0,"source":"manual","attributes":[],"elements":[],"label":"human"},{"type":"rectangle","occluded":false,"outside":false,"z_order":0,"rotation":0.0,"points":[481.2163891695527,275.0684804036209,688.4492869289897,611.4150683901426],"frame":61,"group":0,"source":"manual","attributes":[],"elements":[],"label":"human"},{"type":"rectangle","occluded":false,"outside":false,"z_order":0,"rotation":0.0,"points":[289.173828125,529.0,640.7102620205915,983.0],"frame":61,"group":0,"source":"manual","attributes":[],"elements":[],"label":"human"},{"type":"rectangle","occluded":false,"outside":false,"z_order":0,"rotation":0.0,"points":[68.919921875,518.10546875,361.8669501213262,983.0],"frame":61,"group":0,"source":"manual","attributes":[],"elements":[],"label":"human"},{"type":"rectangle","occluded":false,"outside":false,"z_order":0,"rotation":0.0,"points":[684.109375,502.916015625,1097.4901815253725,983.0],"frame":61,"group":0,"source":"manual","attributes":[],"elements":[],"label":"human"},{"type":"rectangle","occluded":false,"outside":false,"z_order":0,"rotation":0.0,"points":[270.66078461415964,322.75791038764874,447.26121096496354,751.8969464201],"frame":62,"group":0,"source":"manual","attributes":[],"elements":[],"label":"human"},{"type":"rectangle","occluded":false,"outside":false,"z_order":0,"rotation":0.0,"points":[464.14747394629376,391.24891109814416,561.3958152845735,648.3162320001065],"frame":63,"group":0,"source":"manual","attributes":[],"elements":[],"label":"human"},{"type":"rectangle","occluded":false,"outside":false,"z_order":0,"rotation":0.0,"points":[675.2178575011276,266.77128740429544,902.2377204544391,839.0505252657676],"frame":64,"group":0,"source":"manual","attributes":[],"elements":[],"label":"human"},{"type":"rectangle","occluded":false,"outside":false,"z_order":0,"rotation":0.0,"points":[747.1796875,247.3515625,1114.2999999999993,1080.0],"frame":65,"group":0,"source":"manual","attributes":[],"elements":[],"label":"human"},{"type":"rectangle","occluded":false,"outside":false,"z_order":0,"rotation":0.0,"points":[892.5876054363289,402.7477822157598,1549.3182599269312,2315.391183180658],"frame":66,"group":0,"source":"manual","attributes":[],"elements":[],"label":"human"},{"type":"rectangle","occluded":false,"outside":false,"z_order":0,"rotation":0.0,"points":[1457.91796875,240.259765625,2168.811976188281,2454.2000000000007],"frame":66,"group":0,"source":"manual","attributes":[],"elements":[],"label":"human"},{"type":"rectangle","occluded":false,"outside":false,"z_order":0,"rotation":0.0,"points":[2043.558855574498,318.1175432350137,2707.0599291835606,2413.5622603983247],"frame":66,"group":0,"source":"manual","attributes":[],"elements":[],"label":"human"},{"type":"rectangle","occluded":false,"outside":false,"z_order":0,"rotation":0.0,"points":[2473.5,260.568359375,3590.599365234375,2681.0],"frame":66,"group":0,"source":"manual","attributes":[],"elements":[],"label":"human"},{"type":"rectangle","occluded":false,"outside":false,"z_order":0,"rotation":0.0,"points":[738.783662121914,287.8167860974245,1995.048531047276,3275.472339759668],"frame":67,"group":0,"source":"manual","attributes":[],"elements":[],"label":"human"},{"type":"rectangle","occluded":false,"outside":false,"z_order":0,"rotation":0.0,"points":[1612.69921875,1008.5,3578.1366699218743,2481.8291015625],"frame":68,"group":0,"source":"manual","attributes":[],"elements":[],"label":"human"},{"type":"rectangle","occluded":false,"outside":false,"z_order":0,"rotation":0.0,"points":[1817.0,1010.2000000000007,3120.509521484375,3405.1181640625],"frame":69,"group":0,"source":"manual","attributes":[],"elements":[],"label":"human"},{"type":"rectangle","occluded":false,"outside":false,"z_order":0,"rotation":0.0,"points":[5138.300000000003,1176.66796875,7749.296630859375,4999.528706899026],"frame":70,"group":0,"source":"manual","attributes":[],"elements":[],"label":"human"},{"type":"rectangle","occluded":false,"outside":false,"z_order":0,"rotation":0.0,"points":[454.7999999999993,1164.9609375,2357.482666015625,4976.113066956379],"frame":70,"group":0,"source":"manual","attributes":[],"elements":[],"label":"human"},{"type":"rectangle","occluded":false,"outside":false,"z_order":0,"rotation":0.0,"points":[530.3166199005791,227.80008558121335,757.0715703185961,913.3629496955],"frame":71,"group":0,"source":"manual","attributes":[],"elements":[],"label":"human"},{"type":"rectangle","occluded":false,"outside":false,"z_order":0,"rotation":0.0,"points":[586.55078125,232.0,1344.4845581288428,1228.870361328125],"frame":72,"group":0,"source":"manual","attributes":[],"elements":[],"label":"human"},{"type":"rectangle","occluded":false,"outside":false,"z_order":0,"rotation":0.0,"points":[659.603515625,109.271484375,1339.1000000000022,900.0],"frame":73,"group":0,"source":"manual","attributes":[],"elements":[],"label":"human"},{"type":"rectangle","occluded":false,"outside":false,"z_order":0,"rotation":0.0,"points":[8.900390625,96.40000000000146,717.2004028320298,900.0],"frame":73,"group":0,"source":"manual","attributes":[],"elements":[],"label":"human"},{"type":"rectangle","occluded":false,"outside":false,"z_order":0,"rotation":0.0,"points":[682.21484375,194.70000000000073,823.8638403174045,542.6347045898438],"frame":74,"group":0,"source":"manual","attributes":[],"elements":[],"label":"human"},{"type":"rectangle","occluded":false,"outside":false,"z_order":0,"rotation":0.0,"points":[600.716796875,212.099609375,755.9485739351694,531.6000000000022],"frame":74,"group":0,"source":"manual","attributes":[],"elements":[],"label":"human"},{"type":"rectangle","occluded":false,"outside":false,"z_order":0,"rotation":0.0,"points":[450.013671875,202.400390625,596.8370610110796,530.2999999999993],"frame":74,"group":0,"source":"manual","attributes":[],"elements":[],"label":"human"},{"type":"rectangle","occluded":false,"outside":false,"z_order":0,"rotation":0.0,"points":[363.341796875,217.29999999999927,501.10999901590185,560.0983276367188],"frame":74,"group":0,"source":"manual","attributes":[],"elements":[],"label":"human"},{"type":"rectangle","occluded":false,"outside":false,"z_order":0,"rotation":0.0,"points":[265.67578125,181.70000000000073,372.3976279788658,462.4312438964844],"frame":74,"group":0,"source":"manual","attributes":[],"elements":[],"label":"human"},{"type":"rectangle","occluded":false,"outside":false,"z_order":0,"rotation":0.0,"points":[87.19921875,173.3125,257.26659851074146,562.0],"frame":74,"group":0,"source":"manual","attributes":[],"elements":[],"label":"human"}],"tracks":[]}]