{"name":"Таратин Артём ПМ22-1 People Detection","bug_tracker":"","status":"validation","subset":"","labels":[{"name":"human","color":"#ff0000","attributes":[],"type":"any","sublabels":[]}],"version":"1.0","data":{"chunk_size":17,"image_quality":100,"start_frame":0,"stop_frame":74,"storage_method":"cache","storage":"local","sorting_method":"lexicographical","chunk_type":"imageset","deleted_frames":[]},"jobs":[{"start_frame":0,"stop_frame":74,"frames":[],"status":"validation","type":"annotation"}]}